{"cameraMode":{"drawMode":0,"name":"Shaded","section":"Shading Mode"},"sceneLighting":true,"audioPlay":false,"sceneViewState":{"showFog":true,"showMaterialUpdate":true,"showSkybox":false,"showFlares":true,"showImageEffects":true,"showParticleSystems":true},"in2DMode":false,"pivot":{"x":-0.14587372541427613,"y":2.813723087310791,"z":-7.881272315979004},"rotation":{"x":-0.0011727958917617798,"y":0.17164114117622376,"z":0.0002042744745267555,"w":0.9851605892181397},"size":2.5869507789611818,"orthographic":false}